"ipv4","hostname","comment"
"172.64.146.15","auth.openai.com",""
"104.18.17.170","auth0.openai.com",""
"104.18.31.2","chatgpt.com",""
"104.18.33.45","openai.com",""
"172.64.154.211","openai.com",""
"45.77.186.255","youtube.com","touhidurrr/iplist-youtube"
"157.240.15.0/24","youtube.com","touhidurrr/iplist-youtube CIDR"
"157.240.16.0/23","youtube.com","touhidurrr/iplist-youtube CIDR"
"157.240.18.0/24","youtube.com","touhidurrr/iplist-youtube CIDR"
"157.240.20.0/23","youtube.com","touhidurrr/iplist-youtube CIDR"
"159.65.107.0/24","youtube.com","touhidurrr/iplist-youtube CIDR"
"173.244.217.0/24","youtube.com","touhidurrr/iplist-youtube CIDR"
"157.240.0.0/22","youtube.com","touhidurrr/iplist-youtube CIDR"
"157.240.12.0/23","youtube.com","touhidurrr/iplist-youtube CIDR"
"172.217.212.0/24","youtube.com","touhidurrr/iplist-youtube CIDR"
"172.217.218.0/23","youtube.com","touhidurrr/iplist-youtube CIDR"
"173.194.150.0/24","youtube.com","touhidurrr/iplist-youtube CIDR"
"159.106.121.0/24","youtube.com","touhidurrr/iplist-youtube CIDR"
"157.240.8.0/22","youtube.com","touhidurrr/iplist-youtube CIDR"
"156.233.67.0/24","youtube.com","touhidurrr/iplist-youtube CIDR"
"173.194.154.0/24","youtube.com","touhidurrr/iplist-youtube CIDR"
"172.217.204.0/24","youtube.com","touhidurrr/iplist-youtube CIDR"
"154.92.16.0/24","youtube.com","touhidurrr/iplist-youtube CIDR"
"154.85.102.0/24","youtube.com","touhidurrr/iplist-youtube CIDR"
"154.83.14.0/23","youtube.com","touhidurrr/iplist-youtube CIDR"
"154.0.29.0/24","youtube.com","touhidurrr/iplist-youtube CIDR"
"150.107.3.0/24","youtube.com","touhidurrr/iplist-youtube CIDR"
"148.163.48.0/24","youtube.com","touhidurrr/iplist-youtube CIDR"
"145.255.14.0/24","youtube.com","touhidurrr/iplist-youtube CIDR"
"142.251.220.0/22","youtube.com","touhidurrr/iplist-youtube CIDR"
"142.251.218.0/24","youtube.com","touhidurrr/iplist-youtube CIDR"
"159.138.20.0/24","youtube.com","touhidurrr/iplist-youtube CIDR"
"157.240.6.0/23","youtube.com","touhidurrr/iplist-youtube CIDR"
"173.194.161.0/24","youtube.com","touhidurrr/iplist-youtube CIDR"
"173.194.164.0/24","youtube.com","touhidurrr/iplist-youtube CIDR"
"162.125.1.0/24","youtube.com","touhidurrr/iplist-youtube CIDR"
"173.194.4.0/23","youtube.com","touhidurrr/iplist-youtube CIDR"
"172.253.124.0/22","youtube.com","touhidurrr/iplist-youtube CIDR"
"172.253.122.0/23","youtube.com","touhidurrr/iplist-youtube CIDR"
"172.253.120.0/24","youtube.com","touhidurrr/iplist-youtube CIDR"
"172.253.112.0/21","youtube.com","touhidurrr/iplist-youtube CIDR"
"172.253.62.0/23","youtube.com","touhidurrr/iplist-youtube CIDR"
"172.253.58.0/24","youtube.com","touhidurrr/iplist-youtube CIDR"
"172.217.222.0/24","youtube.com","touhidurrr/iplist-youtube CIDR"
"173.194.73.0/24","youtube.com","touhidurrr/iplist-youtube CIDR"
"173.194.74.0/24","youtube.com","touhidurrr/iplist-youtube CIDR"
"173.194.76.0/22","youtube.com","touhidurrr/iplist-youtube CIDR"
"173.194.135.0/24","youtube.com","touhidurrr/iplist-youtube CIDR"
"173.194.162.0/23","youtube.com","touhidurrr/iplist-youtube CIDR"
"173.236.212.0/24","youtube.com","touhidurrr/iplist-youtube CIDR"
"173.234.53.0/24","youtube.com","touhidurrr/iplist-youtube CIDR"
"173.231.12.0/24","youtube.com","touhidurrr/iplist-youtube CIDR"
"173.208.182.0/24","youtube.com","touhidurrr/iplist-youtube CIDR"
"173.194.192.0/19","youtube.com","touhidurrr/iplist-youtube CIDR"
"173.194.190.0/23","youtube.com","touhidurrr/iplist-youtube CIDR"
"173.194.188.0/24","youtube.com","touhidurrr/iplist-youtube CIDR"
"173.194.187.0/24","youtube.com","touhidurrr/iplist-youtube CIDR"
"173.194.184.0/23","youtube.com","touhidurrr/iplist-youtube CIDR"
"173.194.182.0/23","youtube.com","touhidurrr/iplist-youtube CIDR"
"173.194.178.0/24","youtube.com","touhidurrr/iplist-youtube CIDR"
"173.194.174.0/23","youtube.com","touhidurrr/iplist-youtube CIDR"
"173.194.166.0/23","youtube.com","touhidurrr/iplist-youtube CIDR"
"173.236.182.0/24","youtube.com","touhidurrr/iplist-youtube CIDR"
"162.125.2.0/24","youtube.com","touhidurrr/iplist-youtube CIDR"
"172.217.197.0/24","youtube.com","touhidurrr/iplist-youtube CIDR"
"172.217.203.0/24","youtube.com","touhidurrr/iplist-youtube CIDR"
"203.208.39.0/24","youtube.com","touhidurrr/iplist-youtube CIDR"
"199.193.116.0/24","youtube.com","touhidurrr/iplist-youtube CIDR"
"203.113.189.0/24","youtube.com","touhidurrr/iplist-youtube CIDR"
"203.113.51.0/24","youtube.com","touhidurrr/iplist-youtube CIDR"
"203.111.254.0/24","youtube.com","touhidurrr/iplist-youtube CIDR"
"203.66.182.0/24","youtube.com","touhidurrr/iplist-youtube CIDR"
"202.182.98.0/24","youtube.com","touhidurrr/iplist-youtube CIDR"
"202.169.173.0/24","youtube.com","touhidurrr/iplist-youtube CIDR"
"202.160.130.0/24","youtube.com","touhidurrr/iplist-youtube CIDR"
"202.160.128.0/23","youtube.com","touhidurrr/iplist-youtube CIDR"
"202.53.137.0/24","youtube.com","touhidurrr/iplist-youtube CIDR"
"208.77.47.0/24","youtube.com","touhidurrr/iplist-youtube CIDR"
"203.208.43.0/24","youtube.com","touhidurrr/iplist-youtube CIDR"
"208.101.21.0/24","youtube.com","touhidurrr/iplist-youtube CIDR"
"209.85.144.0/22","youtube.com","touhidurrr/iplist-youtube CIDR"
"216.239.36.0/24","youtube.com","touhidurrr/iplist-youtube CIDR"
"216.239.34.0/24","youtube.com","touhidurrr/iplist-youtube CIDR"
"216.239.32.0/24","youtube.com","touhidurrr/iplist-youtube CIDR"
"216.58.220.0/22","youtube.com","touhidurrr/iplist-youtube CIDR"
"216.58.217.0/24","youtube.com","touhidurrr/iplist-youtube CIDR"
"216.58.208.0/21","youtube.com","touhidurrr/iplist-youtube CIDR"
"216.58.192.0/20","youtube.com","touhidurrr/iplist-youtube CIDR"
"213.59.210.0/24","youtube.com","touhidurrr/iplist-youtube CIDR"
"212.113.52.0/24","youtube.com","touhidurrr/iplist-youtube CIDR"
"211.104.160.0/24","youtube.com","touhidurrr/iplist-youtube CIDR"
"210.209.84.0/24","youtube.com","touhidurrr/iplist-youtube CIDR"
"208.101.60.0/24","youtube.com","touhidurrr/iplist-youtube CIDR"
"203.208.49.0/24","youtube.com","touhidurrr/iplist-youtube CIDR"
"203.208.50.0/24","youtube.com","touhidurrr/iplist-youtube CIDR"
"203.233.96.0/24","youtube.com","touhidurrr/iplist-youtube CIDR"
"173.194.12.0/24","youtube.com","touhidurrr/iplist-youtube CIDR"
"172.217.192.0/22","youtube.com","touhidurrr/iplist-youtube CIDR"
"172.217.160.0/20","youtube.com","touhidurrr/iplist-youtube CIDR"
"172.217.135.0/24","youtube.com","touhidurrr/iplist-youtube CIDR"
"172.217.133.0/24","youtube.com","touhidurrr/iplist-youtube CIDR"
"172.217.130.0/24","youtube.com","touhidurrr/iplist-youtube CIDR"
"172.217.129.0/24","youtube.com","touhidurrr/iplist-youtube CIDR"
"172.217.0.0/19","youtube.com","touhidurrr/iplist-youtube CIDR"
"168.143.171.0/24","youtube.com","touhidurrr/iplist-youtube CIDR"
"168.143.162.0/24","youtube.com","touhidurrr/iplist-youtube CIDR"
"162.220.12.0/24","youtube.com","touhidurrr/iplist-youtube CIDR"
"162.125.82.0/23","youtube.com","touhidurrr/iplist-youtube CIDR"
"162.125.80.0/24","youtube.com","touhidurrr/iplist-youtube CIDR"
"162.125.34.0/24","youtube.com","touhidurrr/iplist-youtube CIDR"
"162.125.32.0/24","youtube.com","touhidurrr/iplist-youtube CIDR"
"162.125.18.0/24","youtube.com","touhidurrr/iplist-youtube CIDR"
"162.125.17.0/24","youtube.com","touhidurrr/iplist-youtube CIDR"
"162.125.8.0/24","youtube.com","touhidurrr/iplist-youtube CIDR"
"173.244.209.0/24","youtube.com","touhidurrr/iplist-youtube CIDR"
"173.252.88.0/24","youtube.com","touhidurrr/iplist-youtube CIDR"
"74.125.128.0/20","youtube.com","touhidurrr/iplist-youtube CIDR"
"203.208.40.0/23","youtube.com","touhidurrr/iplist-youtube CIDR"
"208.43.237.0/24","youtube.com","touhidurrr/iplist-youtube CIDR"
"208.43.170.0/24","youtube.com","touhidurrr/iplist-youtube CIDR"
"208.31.254.0/24","youtube.com","touhidurrr/iplist-youtube CIDR"
"205.186.152.0/24","youtube.com","touhidurrr/iplist-youtube CIDR"
"204.79.197.0/24","youtube.com","touhidurrr/iplist-youtube CIDR"
"162.125.6.0/23","youtube.com","touhidurrr/iplist-youtube CIDR"
"172.217.214.0/23","youtube.com","touhidurrr/iplist-youtube CIDR"
"173.194.31.0/24","youtube.com","touhidurrr/iplist-youtube CIDR"
"210.139.253.0/24","youtube.com","touhidurrr/iplist-youtube CIDR"
"69.63.180.0/23","youtube.com","touhidurrr/iplist-youtube CIDR"
"69.63.178.0/24","youtube.com","touhidurrr/iplist-youtube CIDR"
"69.63.176.0/24","youtube.com","touhidurrr/iplist-youtube CIDR"
"69.50.221.0/24","youtube.com","touhidurrr/iplist-youtube CIDR"
"69.30.25.0/24","youtube.com","touhidurrr/iplist-youtube CIDR"
"67.230.169.0/24","youtube.com","touhidurrr/iplist-youtube CIDR"
"74.86.118.0/24","youtube.com","touhidurrr/iplist-youtube CIDR"
"74.86.142.0/24","youtube.com","touhidurrr/iplist-youtube CIDR"
"74.86.151.0/24","youtube.com","touhidurrr/iplist-youtube CIDR"
"74.86.226.0/24","youtube.com","touhidurrr/iplist-youtube CIDR"
"74.125.106.0/24","youtube.com","touhidurrr/iplist-youtube CIDR"
"74.125.104.0/24","youtube.com","touhidurrr/iplist-youtube CIDR"
"69.63.184.0/24","youtube.com","touhidurrr/iplist-youtube CIDR"
"74.125.102.0/23","youtube.com","touhidurrr/iplist-youtube CIDR"
"74.125.96.0/24","youtube.com","touhidurrr/iplist-youtube CIDR"
"74.125.90.0/24","youtube.com","touhidurrr/iplist-youtube CIDR"
"74.125.68.0/22","youtube.com","touhidurrr/iplist-youtube CIDR"
"74.125.31.0/24","youtube.com","touhidurrr/iplist-youtube CIDR"
"74.125.28.0/24","youtube.com","touhidurrr/iplist-youtube CIDR"
"74.125.26.0/24","youtube.com","touhidurrr/iplist-youtube CIDR"
"74.125.24.0/24","youtube.com","touhidurrr/iplist-youtube CIDR"
"74.125.23.0/24","youtube.com","touhidurrr/iplist-youtube CIDR"
"74.125.20.0/23","youtube.com","touhidurrr/iplist-youtube CIDR"
"74.125.13.0/24","youtube.com","touhidurrr/iplist-youtube CIDR"
"74.125.10.0/23","youtube.com","touhidurrr/iplist-youtube CIDR"
"74.125.8.0/24","youtube.com","touhidurrr/iplist-youtube CIDR"
"74.125.100.0/24","youtube.com","touhidurrr/iplist-youtube CIDR"
"74.125.2.0/24","youtube.com","touhidurrr/iplist-youtube CIDR"
"69.63.186.0/23","youtube.com","touhidurrr/iplist-youtube CIDR"
"67.228.102.0/24","youtube.com","touhidurrr/iplist-youtube CIDR"
"31.13.75.0/24","youtube.com","touhidurrr/iplist-youtube CIDR"
"31.13.73.0/24","youtube.com","touhidurrr/iplist-youtube CIDR"
"31.13.68.0/22","youtube.com","touhidurrr/iplist-youtube CIDR"
"31.13.67.0/24","youtube.com","touhidurrr/iplist-youtube CIDR"
"31.13.64.0/24","youtube.com","touhidurrr/iplist-youtube CIDR"
"23.234.30.0/24","youtube.com","touhidurrr/iplist-youtube CIDR"
"23.225.141.0/24","youtube.com","touhidurrr/iplist-youtube CIDR"
"23.217.138.0/24","youtube.com","touhidurrr/iplist-youtube CIDR"
"23.202.231.0/24","youtube.com","touhidurrr/iplist-youtube CIDR"
"23.101.24.0/24","youtube.com","touhidurrr/iplist-youtube CIDR"
"4.78.139.0/24","youtube.com","touhidurrr/iplist-youtube CIDR"
"31.13.80.0/21","youtube.com","touhidurrr/iplist-youtube CIDR"
"69.63.190.0/24","youtube.com","touhidurrr/iplist-youtube CIDR"
"31.13.76.0/24","youtube.com","touhidurrr/iplist-youtube CIDR"
"74.125.124.0/24","youtube.com","touhidurrr/iplist-youtube CIDR"
"69.171.224.0/24","youtube.com","touhidurrr/iplist-youtube CIDR"
"74.86.17.0/24","youtube.com","touhidurrr/iplist-youtube CIDR"
"74.86.12.0/24","youtube.com","touhidurrr/iplist-youtube CIDR"
"74.86.3.0/24","youtube.com","touhidurrr/iplist-youtube CIDR"
"69.197.153.0/24","youtube.com","touhidurrr/iplist-youtube CIDR"
"69.171.247.0/24","youtube.com","touhidurrr/iplist-youtube CIDR"
"69.171.242.0/24","youtube.com","touhidurrr/iplist-youtube CIDR"
"69.171.234.0/24","youtube.com","touhidurrr/iplist-youtube CIDR"
"69.171.228.0/23","youtube.com","touhidurrr/iplist-youtube CIDR"
"69.171.227.0/24","youtube.com","touhidurrr/iplist-youtube CIDR"
"69.162.134.0/24","youtube.com","touhidurrr/iplist-youtube CIDR"
"31.13.88.0/24","youtube.com","touhidurrr/iplist-youtube CIDR"
"74.125.1.0/24","youtube.com","touhidurrr/iplist-youtube CIDR"
"74.86.228.0/24","youtube.com","touhidurrr/iplist-youtube CIDR"
"67.228.235.0/24","youtube.com","touhidurrr/iplist-youtube CIDR"
"65.49.26.0/24","youtube.com","touhidurrr/iplist-youtube CIDR"
"64.233.176.0/20","youtube.com","touhidurrr/iplist-youtube CIDR"
"64.233.168.0/22","youtube.com","touhidurrr/iplist-youtube CIDR"
"64.233.160.0/21","youtube.com","touhidurrr/iplist-youtube CIDR"
"64.53.242.0/24","youtube.com","touhidurrr/iplist-youtube CIDR"
"64.13.192.0/24","youtube.com","touhidurrr/iplist-youtube CIDR"
"62.0.80.0/24","youtube.com","touhidurrr/iplist-youtube CIDR"
"61.205.119.0/24","youtube.com","touhidurrr/iplist-youtube CIDR"
"61.91.8.0/24","youtube.com","touhidurrr/iplist-youtube CIDR"
"59.188.250.0/24","youtube.com","touhidurrr/iplist-youtube CIDR"
"59.24.3.0/24","youtube.com","touhidurrr/iplist-youtube CIDR"
"59.18.46.0/24","youtube.com","touhidurrr/iplist-youtube CIDR"
"65.49.68.0/24","youtube.com","touhidurrr/iplist-youtube CIDR"
"59.18.44.0/24","youtube.com","touhidurrr/iplist-youtube CIDR"
"54.144.128.0/24","youtube.com","touhidurrr/iplist-youtube CIDR"
"74.125.110.0/23","youtube.com","touhidurrr/iplist-youtube CIDR"
"74.125.126.0/23","youtube.com","touhidurrr/iplist-youtube CIDR"
"173.194.28.0/23","youtube.com","touhidurrr/iplist-youtube CIDR"
"173.194.70.0/24","youtube.com","touhidurrr/iplist-youtube CIDR"
"173.194.68.0/23","youtube.com","touhidurrr/iplist-youtube CIDR"
"173.194.66.0/23","youtube.com","touhidurrr/iplist-youtube CIDR"
"173.194.65.0/24","youtube.com","touhidurrr/iplist-youtube CIDR"
"173.194.59.0/24","youtube.com","touhidurrr/iplist-youtube CIDR"
"173.194.54.0/23","youtube.com","touhidurrr/iplist-youtube CIDR"
"173.194.51.0/24","youtube.com","touhidurrr/iplist-youtube CIDR"
"173.194.49.0/24","youtube.com","touhidurrr/iplist-youtube CIDR"
"54.234.18.0/24","youtube.com","touhidurrr/iplist-youtube CIDR"
"66.102.1.0/24","youtube.com","touhidurrr/iplist-youtube CIDR"
"66.220.146.0/23","youtube.com","touhidurrr/iplist-youtube CIDR"
"66.220.148.0/23","youtube.com","touhidurrr/iplist-youtube CIDR"
"67.15.129.0/24","youtube.com","touhidurrr/iplist-youtube CIDR"
"31.13.90.0/23","youtube.com","touhidurrr/iplist-youtube CIDR"
"45.54.28.0/24","youtube.com","touhidurrr/iplist-youtube CIDR"
"50.87.93.0/24","youtube.com","touhidurrr/iplist-youtube CIDR"
"50.23.209.0/24","youtube.com","touhidurrr/iplist-youtube CIDR"
"49.231.55.0/24","youtube.com","touhidurrr/iplist-youtube CIDR"
"47.88.58.0/24","youtube.com","touhidurrr/iplist-youtube CIDR"
"46.134.216.0/24","youtube.com","touhidurrr/iplist-youtube CIDR"
"46.61.154.0/24","youtube.com","touhidurrr/iplist-youtube CIDR"
"45.253.131.0/24","youtube.com","touhidurrr/iplist-youtube CIDR"
"45.114.11.0/24","youtube.com","touhidurrr/iplist-youtube CIDR"
"45.77.186.0/24","youtube.com","touhidurrr/iplist-youtube CIDR"
"43.245.104.0/24","youtube.com","touhidurrr/iplist-youtube CIDR"
"67.15.100.0/24","youtube.com","touhidurrr/iplist-youtube CIDR"
"43.226.16.0/24","youtube.com","touhidurrr/iplist-youtube CIDR"
"39.109.122.0/24","youtube.com","touhidurrr/iplist-youtube CIDR"
"38.121.72.0/24","youtube.com","touhidurrr/iplist-youtube CIDR"
"37.152.2.0/24","youtube.com","touhidurrr/iplist-youtube CIDR"
"31.13.112.0/24","youtube.com","touhidurrr/iplist-youtube CIDR"
"31.13.106.0/24","youtube.com","touhidurrr/iplist-youtube CIDR"
"31.13.96.0/24","youtube.com","touhidurrr/iplist-youtube CIDR"
"31.13.94.0/23","youtube.com","touhidurrr/iplist-youtube CIDR"
"31.13.92.0/24","youtube.com","touhidurrr/iplist-youtube CIDR"
"50.117.117.0/24","youtube.com","touhidurrr/iplist-youtube CIDR"
"52.58.1.0/24","youtube.com","touhidurrr/iplist-youtube CIDR"
"52.175.9.0/24","youtube.com","touhidurrr/iplist-youtube CIDR"
"54.89.135.0/24","youtube.com","touhidurrr/iplist-youtube CIDR"
"173.194.22.0/24","youtube.com","touhidurrr/iplist-youtube CIDR"
"210.56.51.0/24","youtube.com","touhidurrr/iplist-youtube CIDR"
"209.85.226.0/24","youtube.com","touhidurrr/iplist-youtube CIDR"
"209.85.232.0/22","youtube.com","touhidurrr/iplist-youtube CIDR"
"142.251.18.0/24","youtube.com","touhidurrr/iplist-youtube CIDR"
"142.251.16.0/24","youtube.com","touhidurrr/iplist-youtube CIDR"
"142.251.15.0/24","youtube.com","touhidurrr/iplist-youtube CIDR"
"142.251.12.0/24","youtube.com","touhidurrr/iplist-youtube CIDR"
"142.251.10.0/24","youtube.com","touhidurrr/iplist-youtube CIDR"
"142.251.8.0/23","youtube.com","touhidurrr/iplist-youtube CIDR"
"142.251.4.0/23","youtube.com","touhidurrr/iplist-youtube CIDR"
"120.232.234.0/24","youtube.com","touhidurrr/iplist-youtube CIDR"
"142.251.2.0/24","youtube.com","touhidurrr/iplist-youtube CIDR"
"142.251.0.0/23","youtube.com","touhidurrr/iplist-youtube CIDR"
"142.250.218.0/23","youtube.com","touhidurrr/iplist-youtube CIDR"
"142.250.217.0/24","youtube.com","touhidurrr/iplist-youtube CIDR"
"142.251.31.0/24","youtube.com","touhidurrr/iplist-youtube CIDR"
"142.250.204.0/22","youtube.com","touhidurrr/iplist-youtube CIDR"
"142.250.200.0/23","youtube.com","touhidurrr/iplist-youtube CIDR"
"142.250.192.0/21","youtube.com","touhidurrr/iplist-youtube CIDR"
"142.250.176.0/20","youtube.com","touhidurrr/iplist-youtube CIDR"
"142.251.39.0/24","youtube.com","touhidurrr/iplist-youtube CIDR"
"142.251.40.0/22","youtube.com","touhidurrr/iplist-youtube CIDR"
"142.251.45.0/24","youtube.com","touhidurrr/iplist-youtube CIDR"
"142.251.46.0/23","youtube.com","touhidurrr/iplist-youtube CIDR"
"142.251.184.0/24","youtube.com","touhidurrr/iplist-youtube CIDR"
"142.251.182.0/23","youtube.com","touhidurrr/iplist-youtube CIDR"
"142.251.180.0/24","youtube.com","touhidurrr/iplist-youtube CIDR"
"142.251.176.0/22","youtube.com","touhidurrr/iplist-youtube CIDR"
"142.251.172.0/22","youtube.com","touhidurrr/iplist-youtube CIDR"
"142.250.203.0/24","youtube.com","touhidurrr/iplist-youtube CIDR"
"142.251.170.0/23","youtube.com","touhidurrr/iplist-youtube CIDR"
"142.251.32.0/22","youtube.com","touhidurrr/iplist-youtube CIDR"
"142.251.6.0/24","youtube.com","touhidurrr/iplist-youtube CIDR"
"80.87.199.0/24","youtube.com","touhidurrr/iplist-youtube CIDR"
"81.23.20.0/24","youtube.com","touhidurrr/iplist-youtube CIDR"
"81.23.23.0/24","youtube.com","touhidurrr/iplist-youtube CIDR"
"81.192.13.0/24","youtube.com","touhidurrr/iplist-youtube CIDR"
"103.226.246.0/24","youtube.com","touhidurrr/iplist-youtube CIDR"
"103.214.168.0/24","youtube.com","touhidurrr/iplist-youtube CIDR"
"103.200.30.0/23","youtube.com","touhidurrr/iplist-youtube CIDR"
"103.97.176.0/24","youtube.com","touhidurrr/iplist-youtube CIDR"
"103.97.3.0/24","youtube.com","touhidurrr/iplist-youtube CIDR"
"103.73.161.0/24","youtube.com","touhidurrr/iplist-youtube CIDR"
"103.56.16.0/24","youtube.com","touhidurrr/iplist-youtube CIDR"
"103.42.176.0/24","youtube.com","touhidurrr/iplist-youtube CIDR"
"142.251.36.0/23","youtube.com","touhidurrr/iplist-youtube CIDR"
"103.39.76.0/24","youtube.com","touhidurrr/iplist-youtube CIDR"
"96.44.137.0/24","youtube.com","touhidurrr/iplist-youtube CIDR"
"95.59.170.0/24","youtube.com","touhidurrr/iplist-youtube CIDR"
"94.31.189.0/24","youtube.com","touhidurrr/iplist-youtube CIDR"
"94.24.232.0/24","youtube.com","touhidurrr/iplist-youtube CIDR"
"93.179.102.0/24","youtube.com","touhidurrr/iplist-youtube CIDR"
"92.87.232.0/24","youtube.com","touhidurrr/iplist-youtube CIDR"
"90.201.124.0/24","youtube.com","touhidurrr/iplist-youtube CIDR"
"88.191.249.0/24","youtube.com","touhidurrr/iplist-youtube CIDR"
"81.192.191.0/24","youtube.com","touhidurrr/iplist-youtube CIDR"
"118.193.240.0/24","youtube.com","touhidurrr/iplist-youtube CIDR"
"119.28.87.0/24","youtube.com","touhidurrr/iplist-youtube CIDR"
"120.232.233.0/24","youtube.com","touhidurrr/iplist-youtube CIDR"
"98.159.108.0/24","youtube.com","touhidurrr/iplist-youtube CIDR"
"142.251.168.0/24","youtube.com","touhidurrr/iplist-youtube CIDR"
"142.251.164.0/22","youtube.com","touhidurrr/iplist-youtube CIDR"
"142.251.162.0/23","youtube.com","touhidurrr/iplist-youtube CIDR"
"120.253.250.0/24","youtube.com","touhidurrr/iplist-youtube CIDR"
"120.233.71.0/24","youtube.com","touhidurrr/iplist-youtube CIDR"
"142.250.8.0/22","youtube.com","touhidurrr/iplist-youtube CIDR"
"142.250.27.0/24","youtube.com","touhidurrr/iplist-youtube CIDR"
"142.250.150.0/24","youtube.com","touhidurrr/iplist-youtube CIDR"
"142.250.28.0/24","youtube.com","touhidurrr/iplist-youtube CIDR"
"142.250.148.0/23","youtube.com","touhidurrr/iplist-youtube CIDR"
"142.250.147.0/24","youtube.com","touhidurrr/iplist-youtube CIDR"
"142.250.145.0/24","youtube.com","touhidurrr/iplist-youtube CIDR"
"142.250.142.0/24","youtube.com","touhidurrr/iplist-youtube CIDR"
"142.250.141.0/24","youtube.com","touhidurrr/iplist-youtube CIDR"
"142.250.138.0/24","youtube.com","touhidurrr/iplist-youtube CIDR"
"120.253.253.0/24","youtube.com","touhidurrr/iplist-youtube CIDR"
"142.250.136.0/24","youtube.com","touhidurrr/iplist-youtube CIDR"
"142.250.126.0/24","youtube.com","touhidurrr/iplist-youtube CIDR"
"142.250.125.0/24","youtube.com","touhidurrr/iplist-youtube CIDR"
"142.250.123.0/24","youtube.com","touhidurrr/iplist-youtube CIDR"
"142.250.112.0/22","youtube.com","touhidurrr/iplist-youtube CIDR"
"142.250.110.0/23","youtube.com","touhidurrr/iplist-youtube CIDR"
"142.250.107.0/24","youtube.com","touhidurrr/iplist-youtube CIDR"
"142.250.105.0/24","youtube.com","touhidurrr/iplist-youtube CIDR"
"142.250.96.0/21","youtube.com","touhidurrr/iplist-youtube CIDR"
"142.250.80.0/23","youtube.com","touhidurrr/iplist-youtube CIDR"
"142.250.64.0/20","youtube.com","touhidurrr/iplist-youtube CIDR"
"142.250.30.0/23","youtube.com","touhidurrr/iplist-youtube CIDR"
"142.250.128.0/24","youtube.com","touhidurrr/iplist-youtube CIDR"
"120.253.255.0/24","youtube.com","touhidurrr/iplist-youtube CIDR"
"121.78.42.0/24","youtube.com","touhidurrr/iplist-youtube CIDR"
"122.10.85.0/24","youtube.com","touhidurrr/iplist-youtube CIDR"
"142.251.161.0/24","youtube.com","touhidurrr/iplist-youtube CIDR"
"142.251.140.0/22","youtube.com","touhidurrr/iplist-youtube CIDR"
"142.251.132.0/22","youtube.com","touhidurrr/iplist-youtube CIDR"
"142.251.130.0/24","youtube.com","touhidurrr/iplist-youtube CIDR"
"142.251.128.0/23","youtube.com","touhidurrr/iplist-youtube CIDR"
"142.251.120.0/24","youtube.com","touhidurrr/iplist-youtube CIDR"
"142.251.116.0/23","youtube.com","touhidurrr/iplist-youtube CIDR"
"142.251.112.0/24","youtube.com","touhidurrr/iplist-youtube CIDR"
"142.251.111.0/24","youtube.com","touhidurrr/iplist-youtube CIDR"
"142.251.107.0/24","youtube.com","touhidurrr/iplist-youtube CIDR"
"142.250.158.0/23","youtube.com","touhidurrr/iplist-youtube CIDR"
"142.250.157.0/24","youtube.com","touhidurrr/iplist-youtube CIDR"
"142.250.152.0/23","youtube.com","touhidurrr/iplist-youtube CIDR"
"142.250.12.0/23","youtube.com","touhidurrr/iplist-youtube CIDR"
"142.250.4.0/24","youtube.com","touhidurrr/iplist-youtube CIDR"
"142.250.0.0/23","youtube.com","touhidurrr/iplist-youtube CIDR"
"130.211.15.0/24","youtube.com","touhidurrr/iplist-youtube CIDR"
"128.242.250.0/24","youtube.com","touhidurrr/iplist-youtube CIDR"
"128.242.245.0/24","youtube.com","touhidurrr/iplist-youtube CIDR"
"128.242.240.0/24","youtube.com","touhidurrr/iplist-youtube CIDR"
"128.121.243.0/24","youtube.com","touhidurrr/iplist-youtube CIDR"
"128.121.146.0/24","youtube.com","touhidurrr/iplist-youtube CIDR"
"127.0.0.0/24","youtube.com","touhidurrr/iplist-youtube CIDR"
"124.11.210.0/24","youtube.com","touhidurrr/iplist-youtube CIDR"
"122.252.245.0/24","youtube.com","touhidurrr/iplist-youtube CIDR"
"122.248.226.0/24","youtube.com","touhidurrr/iplist-youtube CIDR"
"122.154.76.0/24","youtube.com","touhidurrr/iplist-youtube CIDR"
"74.125.153.0/24","youtube.com","touhidurrr/iplist-youtube CIDR"
"74.125.154.0/23","youtube.com","touhidurrr/iplist-youtube CIDR"
"74.125.159.0/24","youtube.com","touhidurrr/iplist-youtube CIDR"
"74.125.164.0/24","youtube.com","touhidurrr/iplist-youtube CIDR"
"187.7.116.0/24","youtube.com","touhidurrr/iplist-youtube CIDR"
"199.96.58.0/23","youtube.com","touhidurrr/iplist-youtube CIDR"
"199.59.150.0/24","youtube.com","touhidurrr/iplist-youtube CIDR"
"199.59.148.0/23","youtube.com","touhidurrr/iplist-youtube CIDR"
"199.16.158.0/24","youtube.com","touhidurrr/iplist-youtube CIDR"
"199.16.156.0/24","youtube.com","touhidurrr/iplist-youtube CIDR"
"198.44.185.0/24","youtube.com","touhidurrr/iplist-youtube CIDR"
"198.27.124.0/24","youtube.com","touhidurrr/iplist-youtube CIDR"
"196.49.8.0/24","youtube.com","touhidurrr/iplist-youtube CIDR"
"194.78.0.0/24","youtube.com","touhidurrr/iplist-youtube CIDR"
"193.109.164.0/24","youtube.com","touhidurrr/iplist-youtube CIDR"
"192.178.56.0/23","youtube.com","touhidurrr/iplist-youtube CIDR"
"186.208.210.0/24","youtube.com","touhidurrr/iplist-youtube CIDR"
"192.178.54.0/24","youtube.com","touhidurrr/iplist-youtube CIDR"
"192.178.50.0/24","youtube.com","touhidurrr/iplist-youtube CIDR"
"192.178.48.0/23","youtube.com","touhidurrr/iplist-youtube CIDR"
"192.178.27.0/24","youtube.com","touhidurrr/iplist-youtube CIDR"
"192.178.24.0/23","youtube.com","touhidurrr/iplist-youtube CIDR"
"192.133.77.0/24","youtube.com","touhidurrr/iplist-youtube CIDR"
"190.5.235.0/24","youtube.com","touhidurrr/iplist-youtube CIDR"
"142.251.216.0/24","youtube.com","touhidurrr/iplist-youtube CIDR"
"142.251.214.0/23","youtube.com","touhidurrr/iplist-youtube CIDR"
"142.251.211.0/24","youtube.com","touhidurrr/iplist-youtube CIDR"
"108.160.161.0/24","youtube.com","touhidurrr/iplist-youtube CIDR"
"108.177.98.0/24","youtube.com","touhidurrr/iplist-youtube CIDR"
"108.177.96.0/23","youtube.com","touhidurrr/iplist-youtube CIDR"
"192.178.52.0/24","youtube.com","touhidurrr/iplist-youtube CIDR"
"185.158.208.0/24","youtube.com","touhidurrr/iplist-youtube CIDR"
"185.60.218.0/23","youtube.com","touhidurrr/iplist-youtube CIDR"
"173.252.108.0/24","youtube.com","touhidurrr/iplist-youtube CIDR"
"216.239.38.0/24","youtube.com","touhidurrr/iplist-youtube CIDR"
"209.85.224.0/24","youtube.com","touhidurrr/iplist-youtube CIDR"
"209.85.200.0/22","youtube.com","touhidurrr/iplist-youtube CIDR"
"209.85.165.0/24","youtube.com","touhidurrr/iplist-youtube CIDR"
"201.0.223.0/24","youtube.com","touhidurrr/iplist-youtube CIDR"
"199.96.62.0/23","youtube.com","touhidurrr/iplist-youtube CIDR"
"173.252.105.0/24","youtube.com","touhidurrr/iplist-youtube CIDR"
"178.151.230.0/24","youtube.com","touhidurrr/iplist-youtube CIDR"
"185.60.216.0/24","youtube.com","touhidurrr/iplist-youtube CIDR"
"185.45.6.0/23","youtube.com","touhidurrr/iplist-youtube CIDR"
"184.173.136.0/24","youtube.com","touhidurrr/iplist-youtube CIDR"
"184.72.1.0/24","youtube.com","touhidurrr/iplist-youtube CIDR"
"182.79.251.0/24","youtube.com","touhidurrr/iplist-youtube CIDR"
"182.50.139.0/24","youtube.com","touhidurrr/iplist-youtube CIDR"
"180.163.150.0/24","youtube.com","touhidurrr/iplist-youtube CIDR"
"179.60.193.0/24","youtube.com","touhidurrr/iplist-youtube CIDR"
"178.176.156.0/24","youtube.com","touhidurrr/iplist-youtube CIDR"
"174.37.243.0/24","youtube.com","touhidurrr/iplist-youtube CIDR"
"199.96.61.0/24","youtube.com","touhidurrr/iplist-youtube CIDR"
"174.37.175.0/24","youtube.com","touhidurrr/iplist-youtube CIDR"
"174.37.154.0/24","youtube.com","touhidurrr/iplist-youtube CIDR"
"174.37.54.0/24","youtube.com","touhidurrr/iplist-youtube CIDR"
"174.36.228.0/24","youtube.com","touhidurrr/iplist-youtube CIDR"
"174.36.196.0/24","youtube.com","touhidurrr/iplist-youtube CIDR"
"173.255.213.0/24","youtube.com","touhidurrr/iplist-youtube CIDR"
"173.255.209.0/24","youtube.com","touhidurrr/iplist-youtube CIDR"
"173.252.248.0/24","youtube.com","touhidurrr/iplist-youtube CIDR"
"108.177.8.0/21","youtube.com","touhidurrr/iplist-youtube CIDR"
"209.95.56.0/24","youtube.com","touhidurrr/iplist-youtube CIDR"
"108.160.172.0/23","youtube.com","touhidurrr/iplist-youtube CIDR"
"108.160.169.0/24","youtube.com","touhidurrr/iplist-youtube CIDR"
"110.164.8.0/24","youtube.com","touhidurrr/iplist-youtube CIDR"
"109.224.41.0/24","youtube.com","touhidurrr/iplist-youtube CIDR"
"108.177.126.0/23","youtube.com","touhidurrr/iplist-youtube CIDR"
"108.177.125.0/24","youtube.com","touhidurrr/iplist-youtube CIDR"
"108.177.120.0/22","youtube.com","touhidurrr/iplist-youtube CIDR"
"108.177.119.0/24","youtube.com","touhidurrr/iplist-youtube CIDR"
"103.240.182.0/24","youtube.com","touhidurrr/iplist-youtube CIDR"
"103.230.123.0/24","youtube.com","touhidurrr/iplist-youtube CIDR"
"142.251.208.0/23","youtube.com","touhidurrr/iplist-youtube CIDR"
"74.125.204.0/23","youtube.com","touhidurrr/iplist-youtube CIDR"
"77.120.15.0/24","youtube.com","touhidurrr/iplist-youtube CIDR"
"77.37.252.0/24","youtube.com","touhidurrr/iplist-youtube CIDR"
"111.243.214.0/24","youtube.com","touhidurrr/iplist-youtube CIDR"
"75.126.164.0/24","youtube.com","touhidurrr/iplist-youtube CIDR"
"75.126.135.0/24","youtube.com","touhidurrr/iplist-youtube CIDR"
"75.126.124.0/24","youtube.com","touhidurrr/iplist-youtube CIDR"
"75.126.115.0/24","youtube.com","touhidurrr/iplist-youtube CIDR"
"75.126.33.0/24","youtube.com","touhidurrr/iplist-youtube CIDR"
"74.125.206.0/24","youtube.com","touhidurrr/iplist-youtube CIDR"
"74.125.200.0/22","youtube.com","touhidurrr/iplist-youtube CIDR"
"103.228.130.0/24","youtube.com","touhidurrr/iplist-youtube CIDR"
"74.125.196.0/22","youtube.com","touhidurrr/iplist-youtube CIDR"
"74.125.195.0/24","youtube.com","touhidurrr/iplist-youtube CIDR"
"74.125.192.0/23","youtube.com","touhidurrr/iplist-youtube CIDR"
"74.125.172.0/23","youtube.com","touhidurrr/iplist-youtube CIDR"
"74.125.170.0/24","youtube.com","touhidurrr/iplist-youtube CIDR"
"75.126.150.0/24","youtube.com","touhidurrr/iplist-youtube CIDR"
"113.171.242.0/24","youtube.com","touhidurrr/iplist-youtube CIDR"
"114.4.7.0/24","youtube.com","touhidurrr/iplist-youtube CIDR"
"114.43.24.0/24","youtube.com","touhidurrr/iplist-youtube CIDR"
"108.160.166.0/23","youtube.com","touhidurrr/iplist-youtube CIDR"
"108.160.165.0/24","youtube.com","touhidurrr/iplist-youtube CIDR"
"108.160.162.0/23","youtube.com","touhidurrr/iplist-youtube CIDR"
"107.181.166.0/24","youtube.com","touhidurrr/iplist-youtube CIDR"
"103.240.180.0/24","youtube.com","touhidurrr/iplist-youtube CIDR"
"104.244.46.0/24","youtube.com","touhidurrr/iplist-youtube CIDR"
"104.244.45.0/24","youtube.com","touhidurrr/iplist-youtube CIDR"
"104.244.43.0/24","youtube.com","touhidurrr/iplist-youtube CIDR"
"104.31.142.0/24","youtube.com","touhidurrr/iplist-youtube CIDR"
"104.23.124.0/23","youtube.com","touhidurrr/iplist-youtube CIDR"
"104.16.252.0/24","youtube.com","touhidurrr/iplist-youtube CIDR"
"104.16.251.0/24","youtube.com","touhidurrr/iplist-youtube CIDR"
"103.252.114.0/23","youtube.com","touhidurrr/iplist-youtube CIDR"
"103.246.246.0/24","youtube.com","touhidurrr/iplist-youtube CIDR"
"108.177.103.0/24","youtube.com","touhidurrr/iplist-youtube CIDR"
"108.177.104.0/24","youtube.com","touhidurrr/iplist-youtube CIDR"
"108.177.111.0/24","youtube.com","touhidurrr/iplist-youtube CIDR"
"108.177.112.0/24","youtube.com","touhidurrr/iplist-youtube CIDR"
"118.193.202.0/24","youtube.com","touhidurrr/iplist-youtube CIDR"
"118.184.78.0/24","youtube.com","touhidurrr/iplist-youtube CIDR"
"118.184.26.0/24","youtube.com","touhidurrr/iplist-youtube CIDR"
"118.107.180.0/24","youtube.com","touhidurrr/iplist-youtube CIDR"
"118.98.106.0/24","youtube.com","touhidurrr/iplist-youtube CIDR"
"118.98.36.0/24","youtube.com","touhidurrr/iplist-youtube CIDR"
"118.98.30.0/24","youtube.com","touhidurrr/iplist-youtube CIDR"
"116.89.243.0/24","youtube.com","touhidurrr/iplist-youtube CIDR"
"115.126.100.0/24","youtube.com","touhidurrr/iplist-youtube CIDR"
"108.160.170.0/24","youtube.com","touhidurrr/iplist-youtube CIDR"
"220.181.174.0/24","youtube.com","touhidurrr/iplist-youtube CIDR"
